Requisito,Tipo,Historia de Usuario,Estado,Prioridad,Estimacion,Responsable,Puntos,Tiempo,Sprint,Dependencia,Regla de negocio,Criterios de Aceptacion,Criterios de Rechazo
RF-01,F,"Como administrador del sistema, quiero crear el modelo de datos para un Contrato con las columnas clave del dataset de contratación pública, para almacenar y consultar la información de forma estructurada.",Hecho,Alta,Alta,Steven,9,9 horas,Sprint 1,Ninguna,"El modelo de datos se define con el backend Django y el ORM. Debe incluir: nombre_entidad, nit_entidad, departamento, ciudad, orden, sector, id_contrato, estado_contrato, codigo_categoria_principal, descripcion_del_proceso, valor_contrato (DecimalField max_digits=18 decimal_places=2), fecha_firma (DateField), modalidad, contratista_nit y contratista_nombre. Se crean índices de base de datos sobre departamento, modalidad, fecha_firma y contratista_nit.","1. El sistema debe crear el modelo Contrato con exactamente las 15 columnas especificadas: nombre_entidad, nit_entidad, departamento, ciudad, orden, sector, id_contrato, estado_contrato, codigo_categoria_principal, descripcion_del_proceso, valor_contrato, fecha_firma, modalidad, contratista_nit y contratista_nombre | 2. El sistema debe definir valor_contrato como un campo numérico con máximo 18 dígitos y 2 decimales (DecimalField max_digits=18, decimal_places=2) | 3. El sistema debe definir fecha_firma como un campo de tipo fecha (DateField) | 4. El sistema debe crear índices de base de datos sobre las columnas departamento, modalidad, fecha_firma y contratista_nit | 5. DADO que el modelo está definido, CUANDO se ejecuta la verificación de esquema, ENTONCES los 15 campos y los 4 índices existen sin error","1. El modelo omite alguna de las 15 columnas requeridas | 2. El campo valor_contrato acepta más de 2 decimales o más de 18 dígitos sin validación | 3. El campo fecha_firma es de texto en lugar de tipo fecha, permitiendo almacenar valores no válidos como fechas | 4. No se crean los índices sobre departamento, modalidad, fecha_firma o contratista_nit"
RF-25,F,"Como administrador del sistema, quiero crear un modelo separado de Entidad con sus propios atributos para analizar la contratación a nivel de la entidad de forma más rigurosa.",En progreso,Media,Media,Steven,5,5 horas,Sprint 1,RF-01,"El modelo Entidad debe ser una tabla independiente con atributos como nombre_entidad, nit_entidad, departamento, ciudad y sector. El modelo Contrato debe relacionarse a Entidad mediante una clave foránea. Su creación ocurre en el mismo sprint que el modelo Contrato, ya que la relación se define desde el diseño de esquema.","1. El sistema debe crear el modelo Entidad como tabla independiente con atributos nombre_entidad, nit_entidad, departamento, ciudad y sector | 2. El sistema debe relacionar el modelo Contrato a Entidad mediante una clave foránea | 3. El modelo Entidad debe crearse en el mismo sprint que el modelo Contrato, de modo que la relación se defina desde el diseño del esquema | 4. DADO que un contrato se asocia a una entidad, CUANDO se consulta, ENTONCES el análisis puede agrupar por esta entidad","1. El modelo Entidad no existe como tabla propia y queda como campo de texto dentro de Contrato | 2. La relación entre Contrato y Entidad no se define mediante clave foránea | 3. El modelo Entidad se crea en un sprint posterior al de Contrato, dejando la relación pendiente | 4. No es posible agrupar el análisis por la entidad asociada"
RF-02,F,"Como administrador del sistema, quiero ejecutar las migraciones de la base de datos para versionar el esquema y crear las tablas, de modo que el modelo quede listo antes de cargar datos.",Por hacer,Alta,Baja,Steven,1.5,1.5 horas,Sprint 1,RF-01,"Usar sistema de migraciones de Django (makemigrations y migrate). La conexión se realiza a PostgreSQL local (pgAdmin) en puerto 5432. Sin ejecutar migrate, cualquier escritura sobre la tabla debe devolver el error relation does not exist.","1. El sistema debe permitir generar la migración mediante el comando de migraciones de Django sin errores de inconsistencia | 2. El sistema debe aplicar la migración a la base de datos PostgreSQL local (pgAdmin) creando la tabla y los índices definidos | 3. El sistema debe conectarse a PostgreSQL local en el puerto 5432, sin dependencia de servicios externos en la nube | 4. DADO que no se han aplicado las migraciones, CUANDO se intenta una escritura sobre la tabla, ENTONCES el sistema devuelve el error de que la tabla no existe (relation does not exist)","1. La migración se aplica pero no se crean los índices definidos en el modelo | 2. La conexión a base de datos no apunta a la instancia local de PostgreSQL configurada en variables de entorno | 3. La migración se revierte y el sistema continúa permitiendo escrituras sin advertir la falta de estructura | 4. Se aplican las migraciones en orden incorrecto, derribando datos existentes"
RF-03,F,"Como usuario, quiero registrarme en la plataforma con correo y contraseña para crear una cuenta de acceso al sistema.",Por hacer,Alta,Media,Steven,5,5 horas,Sprint 1,Ninguna,"El correo debe ser único y válido en formato estándar. La contraseña debe cumplir mínimo 8 caracteres con al menos una mayúscula, una minúscula y un número, y debe almacenarse con algoritmo PBKDF2. El endpoint de registro debe responder HTTP 201 y validar los datos con serializers.","1. DADO que el usuario ingresa un correo nuevo y una contraseña que cumple la política, CUANDO envía el formulario de registro, ENTONCES el sistema responde HTTP 201 y crea la cuenta | 2. DADO que el usuario ingresa un correo ya registrado, CUANDO envía el formulario, ENTONCES el sistema responde HTTP 400 indicando que el correo ya existe | 3. DADO que el usuario ingresa una contraseña de solo 6 caracteres o sin mayúscula/número, CUANDO envía el formulario, ENTONCES el sistema responde HTTP 400 con el detalle de política no cumplida | 4. El sistema debe almacenar la contraseña con hash PBKDF2, y nunca en texto plano | 5. DADO que el usuario ingresa el campo de correo con formato inválido (sin @ o sin dominio), CUANDO envía el formulario, ENTONCES el sistema responde HTTP 400","1. El sistema responde 201 pero almacena la contraseña en texto plano o con hash débil distinto a PBKDF2 | 2. El sistema responde 201 con un correo duplicado, permitiendo dos cuentas con el mismo correo | 3. El sistema acepta una contraseña que no cumple la política de 8 caracteres con mayúscula, minúscula y número | 4. El sistema acepta un correo sin formato válido (sin @ o sin dominio) y crea la cuenta igualmente"
RF-04,F,"Como usuario, quiero iniciar sesión con mi correo y contraseña para acceder a las funcionalidades del sistema.",Por hacer,Alta,Media,Steven,5,5 horas,Sprint 1,RF-03,El endpoint de login debe validar credenciales y devolver un par de tokens JWT (access y refresh) firmados con HS256. El access token debe expirar en 1 hora y el refresh en 1 día. Ante credenciales inválidas debe responder HTTP 401 sin revelar si el error es de usuario o contraseña.,"1. DADO que el usuario ingresa un correo registrado y la contraseña correcta, CUANDO envía el formulario de login, ENTONCES el sistema responde HTTP 200 con un token de acceso de expiración 1 hora y un token de refresco de 1 día, firmados con HS256 | 2. DADO que el usuario ingresa un correo no registrado, CUANDO envía el formulario, ENTONCES el sistema responde HTTP 401 sin revelar si el error es de correo o de contraseña | 3. DADO que el usuario ingresa una contraseña incorrecta, CUANDO envía el formulario, ENTONCES el sistema responde HTTP 401 sin revelar cuál campo falló | 4. DADO que el usuario ingresa campos vacíos, CUANDO envía el formulario, ENTONCES el sistema responde HTTP 400 listando los campos faltantes",1. El sistema responde 200 pero el token no tiene expiración definida (duraría indefinidamente) | 2. El sistema responde 401 con un mensaje tipo 'contraseña incorrecta' que revela qué campo falló | 3. El sistema permite el login con un correo sin formato válido | 4. El sistema genera el token con un algoritmo distinto a HS256 o sin firma confiable
RF-05,F,"Como usuario, quiero cerrar sesión para invalidar mi token de acceso y proteger mi cuenta.",Por hacer,Media,Baja,Steven,2.5,2.5 horas,Sprint 1,RF-04,"El endpoint de logout debe revocar la sesión actual. El token de acceso debe invalidarse antes de su expiración natural. Tras el logout, cualquier petición protegida con ese token debe responder HTTP 401.","1. DADO que el usuario está autenticado, CUANDO solicita cerrar sesión, ENTONCES el sistema responde HTTP 200 y el token de acceso queda invalidado | 2. DADO que el usuario cierra sesión, CUANDO intenta acceder a un endpoint protegido con el token revocado, ENTONCES el sistema responde HTTP 401 | 3. DADO que el usuario cierra sesión, CUANDO verifica su sesión, ENTONCES el token se invalida de inmediato sin esperar su expiración natural | 4. DADO que el usuario cierra sesión con un token de refresco asociado, CUANDO se cierra la sesión, ENTONCES el token de refresco también se revoca y no puede usarse para obtener un nuevo access token",1. El sistema responde 200 pero el token sigue siendo válido después del cierre de sesión | 2. El sistema permite al usuario reutilizar el token revocado para acceder a datos protegidos | 3. El sistema cierra sesión solo en el navegador pero deja el token válido en el servidor
RNF-01,NF,"Como sistema, debo proteger la autenticación y el API contra accesos no autorizados para salvaguardar la información de contratación.",Por hacer,Alta,Alta,Steven,1,1 hora,Sprint 1,RF-04,Todas las comunicaciones deben usar HTTPS con TLS 1.3. Los endpoints protegidos con JWT deben responder HTTP 401 ante token ausente o vencido. La protección CSRF debe estar activa con tokens rotativos y las políticas CORS restringidas al dominio del frontend definido en variables de entorno.,"1. El sistema debe requerir HTTPS con cifrado TLS 1.3 para todas las comunicaciones, rechazando conexiones sin cifrado | 2. DADO que un usuario no envía token o envía uno vencido, CUANDO accede a un endpoint protegido, ENTONCES el sistema responde HTTP 401 | 3. El sistema debe tener la protección CSRF activa con tokens rotativos por sesión | 4. DADO que una petición viene de un origen no permitido (distinto al dominio del frontend configurado), CUANDO se realiza, ENTONCES el sistema responde HTTP 403 por política CORS",1. El sistema acepta conexiones HTTP sin cifrar en producción | 2. El sistema permite una petición cross-origin desde un dominio no autorizado sin bloquearla | 3. El sistema responde 200 a un endpoint protegido sin token válido | 4. La protección CSRF está desactivada o usa un token fijo que no rota
RNF-02,NF,"Como sistema, debo disponer de las variables de configuración separadas del código para funcionar en distintos entornos sin exponer secretos.",Por hacer,Alta,Baja,Steven,1,1 hora,Sprint 1,RF-01,"Toda configuración sensible (token de acceso a datos, credenciales de base de datos, clave JWT) debe leerse de variables de entorno. Debe entregarse un archivo .env.example con claves vacías; el .env nunca debe versionarse. Los entornos de desarrollo y producción deben usar valores independientes.","1. El sistema debe leer toda la configuración sensible (token de acceso a datos, credenciales de base de datos, clave JWT) de variables de entorno, nunca de código | 2. El sistema debe incluir un archivo .env.example con las claves de configuración vacías y documentadas | 3. El sistema debe excluir el archivo .env del control de versiones (debe estar en el archivo de ignorados) | 4. El sistema debe permitir configurar valores independientes para los entornos de desarrollo y producción",1. El archivo .env se versiona y queda expuesto con credenciales reales en el repositorio | 2. Una credencial sensible (como la clave JWT) está hardcodeada en el código fuente | 3. No existe .env.example ni documentación de qué variables de entorno son necesarias | 4. El desarrollo y producción comparten los mismos valores de configuración sin posibilidad de diferenciarlos
RF-06,F,"Como administrador del sistema, quiero iniciar la ingesta masiva de contratos desde la fuente pública de datos para poblar la base de datos con la información real.",Por hacer,Alta,Alta,Steven,8,8 horas,Sprint 2,RF-02,"La ingesta se realiza desde la API SODA de datos.gov.co con paginación $limit=50000 y $offset incremental usando $order=:id, enviando el header X-App-Token. La carga usa bulk_create con batch_size=1000. El progreso se registra en un objeto ProcessingJob con estados pending/running/completed/failed y campo progress 0-100.","1. DADO que el administrador inicia la ingesta, CUANDO el sistema consume datos de la fuente pública, ENTONCES la carga debe paginar en bloques de como máximo 50000 registros usando límite y desplazamiento incremental con orden estable | 2. El sistema debe enviar el token de acceso en cada petición a la fuente de datos | 3. El sistema debe insertar los registros en la base de datos en lotes de 1000 mediante inserción masiva (bulk_create) | 4. El sistema debe registrar el progreso de la ingesta en un objeto de proceso con estados running/completed/failed y un progreso numérico de 0 a 100 | 5. DADO que la ingesta falla en mitad del proceso, CUANDO se evalúa el job, ENTONCES el estado pasa a failed y el progreso refleja el punto alcanzado","1. El sistema intenta descargar todas las filas en una sola petición superando el límite de la fuente | 2. El sistema inserta registros de uno en uno sin usar inserción masiva, resultando muy lento | 3. El sistema no registra el progreso, el estado ni el mensaje de error del proceso | 4. Los registros duplicados se insertan sin control, duplicando filas en la base de datos"
RF-07,F,"Como administrador del sistema, quiero monitorear el progreso de una ingesta en curso para saber cuándo termina y detectar errores.",Por hacer,Alta,Media,Steven,4,4 horas,Sprint 2,RF-06,"El endpoint GET /api/jobs/{id}/ debe devolver JSON con id, estado, progress y mensaje de error. La ingesta debe ejecutarse en un hilo en segundo plano para no bloquear la petición. El endpoint de inicio POST /api/sincronizar/ debe responder HTTP 202 Accepted de inmediato.","1. DADO que hay una ingesta en curso, CUANDO el usuario consulta el estado del job, ENTONCES el sistema devuelve el estado, el progreso numérico y el mensaje de error en JSON | 2. DADO que el usuario inicia una ingesta, CUANDO envía la petición, ENTONCES el sistema responde HTTP 202 Accepted de inmediato sin bloquear | 3. DADO que la ingesta se ejecuta, CUANDO se observa el procesamiento, ENTONCES esta corre en un hilo en segundo plano y la petición de inicio no espera a que termine | 4. DADO que el job termina, CUANDO se consulta, ENTONCES devuelve el estado completed y el progreso 100",1. El sistema bloquea la petición de inicio hasta que termina toda la ingesta | 2. El estado del job se queda en running aunque el proceso terminó o falló | 3. El progreso no avanza o se queda fijo en 0 aun con registros procesados | 4. El endpoint de consulta no devuelve el mensaje de error cuando el job falló
RF-08,F,"Como usuario, quiero consultar un resumen agregado de la contratación filtrado por departamento, año y modalidad para obtener métricas rápidas del gasto público.",Por hacer,Alta,Media,Steven,4,4 horas,Sprint 2,RF-06,"El endpoint GET /api/resumen?departamento=X&modalidad=Y&ano=Z debe calcular total_dinero (SUM), total (COUNT) y valor promedio usando agregados en base de datos con el ORM. Debe incluir el tiempo de procesamiento de la base de datos en la respuesta. El payload debe ser menor a 50KB.","1. DADO que el usuario consulta el resumen con parámetros de departamento, año y modalidad, CUANDO ejecuta la consulta, ENTONCES el sistema devuelve total_dinero (suma), total (conteo) y valor promedio | 2. El sistema debe calcular los valores agregados en la base de datos mediante agregación (SUM, COUNT) y no en el cliente | 3. El sistema debe incluir en la respuesta el tiempo de procesamiento de la base de datos en la consulta | 4. DADO que una consulta no tiene filtros, CUANDO se ejecuta, ENTONCES devuelve el agregado global | 5. DADO que el usuario envía un parámetro numérico no válido para el año, CUANDO ejecuta la consulta, ENTONCES el sistema responde HTTP 400","1. La respuesta supera los 50KB de payload para un conjunto grande de datos sin agregar en base de datos | 2. El sistema no incluye el tiempo de procesamiento de la base de datos en la respuesta | 3. El sistema calcula los totales trayendo todas las filas al cliente en lugar de agregar en base de datos | 4. El sistema devuelve datos sin aplicar los filtros de departamento, año o modalidad solicitados"
RF-09,F,"Como usuario, quiero consultar el top de contratistas por monto contratado para identificar los mayores receptores de contratación en un territorio.",Por hacer,Alta,Media,Steven,4,4 horas,Sprint 2,RF-08,"El endpoint GET /api/top-contratistas debe agrupar por contratista_nit con GROUP BY, ordenado descendente por SUM(valor_contrato), limitando a 10 resultados. Debe devolver contratista_nit, contratista_nombre y total_contratado.","1. DADO que el usuario consulta el top de contratistas, CUANDO se ejecuta la consulta, ENTONCES el sistema devuelve los 10 contratistas con mayor monto contratado agrupados por contratista_nit | 2. El sistema debe agrupar por contratista_nit con GROUP BY y ordenar descendente por la suma del monto contratado | 3. Cada resultado del top debe incluir contratista_nit, contratista_nombre y total_contratado | 4. DADO que hay menos de 10 contratistas con contratos, CUANDO se consulta, ENTONCES el sistema devuelve solo los que existen sin error | 5. DADO que el usuario filtra por departamento, CUANDO consulta el top, ENTONCES el ranking se calcula dentro de ese territorio","1. El sistema devuelve más de 10 contratistas en el top sin aplicar el límite | 2. El ranking no está ordenado por monto contratado, mostrando los contratistas en orden arbitrario | 3. El sistema no devuelve el total_contratado o el contratista_nit en los resultados | 4. El ranking se calcula globalmente ignorando el filtro de departamento solicitado"
RF-10,F,"Como usuario, quiero ver el detalle completo de un contrato individual para auditar su información específica.",Por hacer,Alta,Baja,Steven,2,2 horas,Sprint 2,RF-11,El endpoint GET /api/contratos/{id}/ debe devolver las 15 columnas del modelo del contrato. Ante un id inexistente debe responder HTTP 404 con mensaje de detalle. Debe requerir autenticación con JWT válido.,"1. DADO que el usuario consulta un contrato existente, CUANDO solicita su detalle, ENTONCES el sistema devuelve las 15 columnas completas del registro | 2. DADO que el usuario consulta un contrato inexistente, CUANDO solicita su detalle, ENTONCES el sistema responde HTTP 404 con mensaje de detalle | 3. DADO que el usuario no está autenticado, CUANDO solicita el detalle, ENTONCES el sistema responde HTTP 401 por falta de token válido | 4. DADO que el usuario no está autenticado, CUANDO solicita el detalle sin token, ENTONCES el sistema responde HTTP 401 e incluye el header WWW-Authenticate con la descripción del esquema de autenticación",1. El sistema devuelve un subconjunto de columnas omitiendo campos requeridos del contrato | 2. El sistema responde HTTP 404 sin mensaje de detalle para un contrato inexistente | 3. El sistema permite acceder al detalle sin autenticación válida | 4. El sistema responde el detalle de otro contrato distinto al id solicitado por error de ruteo
RF-11,F,"Como usuario, quiero consultar la lista de contratos paginada para navegar por los registros sin cargar todos a la vez.",Por hacer,Alta,Media,Steven,4,4 horas,Sprint 2,RF-08,"El endpoint GET /api/contratos?page=N debe devolver un máximo de 50 registros por página con metadatos next, previous, count y total_pages. Si page está fuera de rango debe responder HTTP 400. Los registros deben devolverse agregados, nunca el dataset completo.","1. DADO que el usuario solicita la lista de contratos con un número de página, CUANDO ejecuta la consulta, ENTONCES el sistema devuelve máximo 50 registros más los metadatos next, previous, count y total_pages | 2. DADO que el usuario solicita una página fuera de rango, CUANDO ejecuta la consulta, ENTONCES el sistema responde HTTP 400 | 3. El sistema debe devolver solo el lote solicitado de registros paginados, no el dataset completo | 4. DADO que la lista está vacía para los filtros aplicados, CUANDO se consulta, ENTONCES el sistema devuelve count=0 y lista vacía sin error",1. El sistema devuelve todos los registros de una vez ignorando la paginación | 2. El metadato total_pages es incorrecto respecto al total de registros | 3. El sistema acepta un número de página fuera de rango y devuelve una página en blanco sin advertir | 4. La paginación no devuelve la página siguiente (next) o anterior (previous) correctamente
RNF-03,NF,"Como sistema, debo ejecutar las consultas agregadas en la base de datos en lugar del cliente para garantizar tiempos de respuesta aceptables.",Por hacer,Alta,Media,Steven,1,1 hora,Sprint 2,RF-08,Las métricas SUM/COUNT/GROUP BY deben ejecutarse con operaciones de agregación de Django en PostgreSQL. Las consultas sobre columnas indexadas deben responder en menos de 500 milisegundos. El payload de un resumen debe ser menor a 50KB.,"1. El sistema debe ejecutar las operaciones de suma, conteo y agrupación mediante agregación de Django en PostgreSQL, nunca en el cliente | 2. DADO que se consulta sobre columnas indexadas (departamento, modalidad, fecha_firma, nit), CUANDO se ejecuta la consulta, ENTONCES la respuesta es menor a 500 milisegundos | 3. El sistema debe devolver un payload menor a 50KB para las consultas de resumen agregado aun con grandes volúmenes de datos | 4. DADO que se repite la misma consulta agregada, CUANDO se ejecuta, ENTONCES se mantiene dentro del límite de tiempo definido",1. Una consulta agregada sobre columnas indexadas tarda más de 500 milisegundos | 2. El payload del resumen supera los 50KB para un conjunto grande de filas | 3. El sistema calcula los agregados en el cliente trayendo todas las filas desde la base de datos | 4. El tiempo de respuesta varía de forma inconsistente sin que agregar en base de datos lo estabilice
RNF-04,NF,"Como sistema, debo validar la calidad de los datos durante la ingesta para evitar registros corruptos en la base de datos.",Por hacer,Alta,Media,Steven,1,1 hora,Sprint 2,RF-06,"Durante la transformación, valor_contrato debe convertirse de texto a Decimal descartando los que no sean numéricos. Las filas inválidas deben registrarse en un log sin abortar toda la ingesta. Los registros con duplicados por id_contrato deben omitirse sin duplicar la carga.","1. Durante la transformación de ingesta, el sistema debe convertir valor_contrato de texto a valor numérico descartando los registros que no sean numéricos | 2. El sistema debe registrar las filas inválidas en un log sin abortar toda la ingesta por errores parciales | 3. El sistema debe omitir los registros duplicados por id_contrato evitando cargar filas duplicadas | 4. DADO que una fila tiene un campo faltante requerido, CUANDO se procesa, ENTONCES la fila se registra como inválida y el proceso continúa",1. El sistema aborta toda la ingesta ante el primer registro inválido | 2. Un registro con valor_contrato no numérico se inserta en la base de datos sin corrección | 3. El sistema inserta registros duplicados con el mismo id_contrato | 4. Las filas inválidas se descartan silenciosamente sin registrarse en el log
RNF-05,NF,"Como sistema, debo reanudar una ingesta interrumpida desde el último offset procesado para evitar pérdida o duplicación de registros.",Por hacer,Media,Media,Steven,1,1 hora,Sprint 2,RF-07,"El procesamiento debe persistir el último $offset exitoso en el ProcessingJob. Al reanudar un trabajo en estado failed, el offset continúa desde el valor guardado. El sistema debe rechazar un offset fuera de rango con HTTP 400.","1. El sistema debe persistir el último desplazamiento procesado exitosamente en el job de ingesta | 2. DADO que una ingesta falla y se reanuda, CUANDO continúa, ENTONCES retoma desde el último desplazamiento guardado sin repetir ni saltar registros | 3. DADO que el usuario solicita un desplazamiento fuera de rango, CUANDO se reanuda, ENTONCES el sistema responde HTTP 400",1. La ingesta reanudada vuelve a procesar desde el inicio duplicando registros | 2. El sistema reanuda saltándose registros porque el último desplazamiento guardado es incorrecto | 3. El sistema acepta un desplazamiento fuera de rango y continúa sin advertir | 4. El sistema no guarda el desplazamiento y en un reinicio pierde el punto de continuidad
RNF-06,NF,"Como sistema, debo limitar la cantidad de peticiones al API para proteger el servicio de abusos y sobrecarga.",Por hacer,Media,Media,Steven,1.5,1.5 horas,Sprint 2,RF-08,Se debe implementar límite de peticiones usando Django Rest Framework throttling. El límite debe ser de 60 peticiones por minuto por usuario para endpoints de consulta. Al superar el límite debe responder HTTP 429 con el tiempo de espera en segundos.,"1. El sistema debe limitar la cantidad de peticiones de los endpoints de consulta usando un mecanismo de throttling del framework | 2. DADO que un usuario excede el límite de 60 peticiones por minuto, CUANDO continúa consultando, ENTONCES el sistema responde HTTP 429 con el tiempo de espera en segundos | 3. DADO que el usuario está dentro del límite, CUANDO consulta, ENTONCES el sistema responde normalmente sin error de límite",1. El sistema permite más de 60 peticiones por minuto sin bloquear al usuario | 2. El sistema responde error de límite (429) sin indicar el tiempo de espera restante | 3. El sistema bloquea por límite pero el contador no se reinicia pasada la ventana de tiempo | 4. El límite de peticiones se aplica por igual a consultas livianas y pesadas sin distinción de carga
RNF-13,NF,"Como sistema, debo ser escalable para soportar el crecimiento del volumen de datos sin necesidad de rediseñar la arquitectura.",Por hacer,Media,Media,Steven,2.5,2.5 horas,Sprint 2,RF-06,La arquitectura de ingesta debe soportar la paginación hasta millones de filas reutilizando el mismo patrón de límite y desplazamiento. El modelo de datos debe permitir agregar columnas mediante nuevas migraciones sin afectar los datos existentes.,"1. La arquitectura de ingesta debe soportar la paginación hasta millones de filas reutilizando el mismo patrón de límite y desplazamiento | 2. El modelo de datos debe permitir agregar nuevas columnas mediante migraciones sin afectar los datos existentes | 3. DADO que el volumen de datos crece, CUANDO se ejecuta la ingesta, ENTONCES el mismo mecanismo de paginación soporta el aumento sin rediseñar la arquitectura",1. La ingesta no soporta paginar más allá de un pequeño número de bloques | 2. Agregar una columna al modelo requiere borrar los datos existentes | 3. El mecanismo de paginación falla al aumentar el número de registros a ingestar | 4. El diseño no permite crecer el volumen sin un rediseño de la arquitectura
RF-12,F,"Como usuario, quiero ver un dashboard con indicadores clave del gasto público para tener una visión general de la contratación.",Por hacer,Alta,Alta,Yesid,6.5,6.5 horas,Sprint 3,RF-08,"El dashboard debe mostrar KPIs de total de dinero, total de contratos y valor promedio, más una tabla virtualizada de contratos que renderice solo las filas visibles usando virtualización de react. El estado del dashboard debe sincronizarse con la caché de datos del cliente.","1. El sistema debe mostrar en el dashboard los indicadores clave: total de dinero, total de contratos y valor promedio | 2. El sistema debe renderizar una tabla virtualizada que solo muestre las filas visibles en pantalla y mantenga la fluidez | 3. DADO que el usuario consulta el dashboard con filtros, CUANDO cambia un filtro, ENTONCES los KPIs se recalculan y actualizan | 4. El sistema debe sincronizar el estado del dashboard con la caché de datos del cliente para evitar consultas duplicadas",1. Los KPIs muestran valores desactualizados respecto a los datos aplicando los filtros actuales | 2. La tabla carga todas las filas al DOM y el dashboard se vuelve lento o no responde a 60 cuadros | 3. Al cambiar un filtro los indicadores no se actualizan | 4. La caché provoca que se muestren datos viejos de un filtro anterior
RF-13,F,"Como usuario, quiero filtrar la tabla de contratos por departamento, modalidad y rango de fechas para explorar el conjunto de datos de forma dirigida.",Por hacer,Alta,Media,Yesid,1,1 hora,Sprint 3,RF-12,"Los filtros deben ser combinables entre sí y re-disparar la consulta del API. Al aplicar un filtro, la tabla debe refrescar los datos y mostrar una indicación de carga. Los filtros deben persistir al navegar entre vistas del dashboard.","1. DADO que el usuario aplica filtros de departamento, modalidad y rango de fechas, CUANDO combina varios filtros, ENTONCES la tabla se actualiza según la combinación | 2. El sistema debe re-disparar la consulta del API al cambiar cualquier filtro | 3. El sistema debe mostrar una indicación de carga mientras se aplican los filtros | 4. DADO que el usuario navega entre vistas del dashboard, CUANDO vuelve, ENTONCES los filtros aplicados se mantienen persistentes",1. Al combinar departamento y modalidad solo se aplica uno de los filtros | 2. La tabla no muestra ningún indicador de que está cargando los nuevos datos filtrados | 3. El sistema pierde los filtros aplicados al navegar entre vistas | 4. Los filtros devuelven resultados pero la tabla conserva datos de la consulta anterior
RF-14,F,"Como usuario, quiero ver la serie mensual de contratación para observar la tendencia del gasto a lo largo del tiempo.",Por hacer,Media,Media,Yesid,3,3 horas,Sprint 3,RF-12,El endpoint GET /api/serie-mensual debe agrupar por periodo mensual con DATE_TRUNC y devolver suma de valor_contrato y conteo de contratos ordenados cronológicamente. Debe renderizarse en un gráfico de línea.,"1. El sistema debe devolver la suma de valor_contrato y el conteo de contratos agrupados por periodo mensual, ordenados cronológicamente | 2. DADO que existen contratos en varios meses consecutivos, CUANDO se consulta la serie, ENTONCES se devuelven todos los periodos con sus valores | 3. DADO que no hay contrato en un mes, CUANDO se consulta, ENTONCES ese mes se omite o se devuelve con valor 0 sin romper la serie | 4. El sistema debe renderizar la serie en un gráfico de línea para visualizar la tendencia",1. La serie devuelve meses fuera de orden cronológico | 2. Los valores mensuales no coinciden con la sumatoria de los contratos de ese mes | 3. El gráfico de línea se muestra vacío o sin datos aun cuando existen registros | 4. El sistema devuelve una serie con fechas duplicadas o con formato inconsistente
RF-15,F,"Como usuario, quiero ver un mapa de Colombia que pinte los territorios según el porcentaje de contratación directa para detectar zonas con posible contratación a dedo.",Por hacer,Alta,Alta,Yesid,6.5,6.5 horas,Sprint 3,RF-12,Se debe usar la librería de mapas Leaflet. Los territorios se colorean con escala continua donde el rojo oscuro indica alto porcentaje de contratación directa frente a la licitación pública. El mapa debe cargar la geografía del país procesada desde formato compacto para reducir el payload.,"1. El sistema debe renderizar un mapa interactivo de Colombia usando la librería Leaflet | 2. El sistema debe colorear los territorios con una escala continua de color donde el rojo oscuro representa un alto porcentaje de contratación directa frente a licitación pública | 3. El sistema debe cargar la geografía del país desde un formato compacto para reducir el tamaño del dato enviado | 4. DADO que el usuario pasa el cursor sobre un territorio, CUANDO consulta, ENTONCES el mapa muestra un tooltip con el monto y el porcentaje","1. El mapa carga pero los territorios no se pintan con los colores de la escala, todos se ven iguales | 2. El mapa no muestra el color rojo en los territorios con alto porcentaje de contratación directa | 3. El mapa tarda demasiado en cargar porque la geografía llega sin comprimir | 4. El tooltip no muestra el porcentaje ni el monto del territorio señalado"
RF-16,F,"Como usuario, quiero seleccionar un territorio del mapa para actualizar todos los indicadores del dashboard a ese territorio y profundizar su análisis.",Por hacer,Media,Media,Yesid,3.5,3.5 horas,Sprint 3,RF-15,"Al seleccionar un territorio, el filtro global debe actualizarse y re-consultar los KPIs, gráficos y tabla. El territorio seleccionado debe resaltarse visualmente en el mapa y el filtro debe combinarse con los demás filtros activos.","1. DADO que el usuario hace clic en un territorio del mapa, CUANDO lo selecciona, ENTONCES el filtro global se actualiza a ese territorio | 2. DADO que se selecciona un territorio, CUANDO se actualizan los indicadores, ENTONCES los KPIs, gráficos y tabla se recomputan con ese territorio | 3. El sistema debe resaltar visualmente el territorio seleccionado en el mapa | 4. DADO que hay otros filtros activos, CUANDO se selecciona un territorio, ENTONCES el filtro se combina con los demás sin sustituirlos","1. Al hacer clic en un territorio el mapa cambia de color pero los datos del dashboard no se actualizan | 2. El territorio seleccionado no se resalta, no se distingue del resto | 3. Seleccionar un territorio reemplaza o borra los demás filtros activos | 4. Los KPIs muestran datos globales en lugar de los del territorio seleccionado"
RF-18,F,"Como usuario, quiero realizar una búsqueda global de contratos, empresas y entidades para encontrar información rápidamente sin navegar manualmente.",Por hacer,Alta,Alta,Yesid,6.5,6.5 horas,Sprint 3,RF-12,"El endpoint GET /api/buscar?q=texto debe hacer búsqueda parcial sobre contratista_nombre, contratista_nit, nombre_entidad y descripcion_del_proceso. En el frontend se aplica debounce de 300 milisegundos y se cancelan peticiones anteriores. Debe devolver resultados agrupados con un máximo de 10 por grupo.","1. El sistema debe devolver resultados de búsqueda parcial sobre contratista_nombre, contratista_nit, nombre_entidad y descripcion_del_proceso | 2. El sistema debe aplicar un debounce de 300 milisegundos en el frontend al escribir el texto de búsqueda | 3. El sistema debe cancelar las peticiones de búsqueda anteriores cuando el usuario cambia el texto | 4. El sistema debe devolver resultados agrupados (contratos, empresas, entidades) con un máximo de 10 por grupo | 5. DADO que el usuario escribe un término sin coincidencias, CUANDO busca, ENTONCES el sistema devuelve un estado vacío sin error","1. El sistema dispara una petición por cada tecla sin debounce, sobrecargando el servidor | 2. Las respuestas de búsquedas antiguas sobrescriben a las nuevas (race condition) | 3. La búsqueda no encuentra coincidencias por nombre de entidad aunque existan | 4. El sistema devuelve más de 10 resultados por grupo sin limitar"
RNF-07,NF,"Como sistema, debo mantener una interfaz fluida a 60 cuadros por segundo para no degradar la experiencia con grandes volúmenes de datos.",Por hacer,Alta,Media,Yesid,1,1 hora,Sprint 3,RF-12,Las tablas con grandes volúmenes deben usar virtualización para renderizar solo las filas visibles (máximo 50 nodos en el DOM). Las consultas deben cachearse en el cliente para evitar repeticiones. La renderización de la interfaz no debe bajar de 60 cuadros por segundo.,"1. El sistema debe renderizar las tablas con grandes volúmenes usando virtualización, mostrando máximo 50 filas en el DOM | 2. El sistema debe cachear las consultas en el cliente mediante la gestión de estado del frontend para evitar repeticiones | 3. DADO que se interactúa con la tabla o los gráficos sobre un conjunto de al menos 50000 registros, CUANDO se desplaza o actualiza la vista, ENTONCES el tiempo entre fotogramas no supera 16.67 milisegundos (equivalente a 60 cuadros por segundo), medido con la herramienta de análisis de rendimiento del navegador durante una interacción sostenida de 30 segundos",1. La tabla renderiza todas las filas al DOM superando los 50 nodos visibles | 2. Las interacciones del dashboard caen por debajo de 60 cuadros por segundo con datos grandes | 3. Las consultas repetidas no usan caché y se vuelven a solicitar innecesariamente al servidor | 4. El dashboard se congela al desplazarse por una tabla con muchos registros
RNF-08,NF,"Como sistema, debo registrar un registro de auditoría de las acciones relevantes de los usuarios para trazabilidad y control.",Por hacer,Media,Media,Yesid,1,1 hora,Sprint 3,RF-08,"Debe registrarse en un log persistente cada acción relevante del usuario: inicio de sesión, cierre de sesión, exportación de datos y modificación de configuración. Cada entrada debe incluir usuario, acción, fecha/hora y detalle. El registro no debe exponer contraseñas ni datos sensibles.","1. El sistema debe registrar en un log persistente cada acción relevante del usuario: inicio de sesión, cierre de sesión, exportación de datos y modificación de configuración | 2. Cada entrada del log debe incluir usuario, acción, fecha/hora y detalle | 3. El sistema debe evitar exponer contraseñas o datos sensibles en los registros de auditoría | 4. DADO que se realiza una exportación, CUANDO finaliza, ENTONCES queda registrada la acción con su usuario y fecha",1. El sistema registra la contraseña u otra información sensible en el log | 2. Al cerrar sesión no queda registro de auditabilidad | 3. El registro no incluye la fecha/hora ni el usuario que ejecutó la acción | 4. Las acciones de exportación no se registran en el log
RNF-14,NF,"Como sistema, debo ser mantenible mediante patrones de diseño y desacoplamiento para facilitar los cambios futuros.",Por hacer,Media,Media,Yesid,1,1 hora,Sprint 3,RF-01,"El backend debe estructurarse en módulos con responsabilidades separadas: modelos, serializadores, vistas y lógica de ingesta. El acceso a datos debe centralizarse para que un cambio de fuente o de motor de base de datos no implique reescribir las vistas. El código debe seguir un estándar de estilo definido y verificable.","1. El backend debe estructurarse en módulos con responsabilidades separadas: modelos, serializadores, vistas y lógica de ingesta | 2. El acceso a datos debe centralizarse para que un cambio de fuente o de motor de base de datos no implique reescribir las vistas | 3. El código debe seguir un estándar de estilo definido y verificable | 4. DADO que se requiere un cambio en la fuente de datos, CUANDO se modifica, ENTONCES solo se afecta el módulo correspondiente sin tocar las vistas","1. La lógica de ingesta, vista y serialización está mezclada en un solo archivo sin separación | 2. Un cambio de fuente de datos obliga a reescribir las vistas del API | 3. El código no cumple un estándar de estilo verificable consistente | 4. La lógica de acceso a datos está duplicada a lo largo del código"
RF-17,F,"Como usuario, quiero ver un grafo de conexiones entre entidades y contratistas para detectar si una persona o empresa concentra contratos en un municipio.",Por hacer,Alta,Alta,Yesid,6,6 horas,Sprint 4,RF-12,Se debe usar una librería de graficación de fuerzas (force graph). Cada nodo representa una entidad o contratista y cada arista un contrato. El grosor de la arista es proporcional al monto y el color representa la modalidad. Debe permitir hacer zoom y mover nodos de forma interactiva.,"1. El sistema debe renderizar un grafo de red con nodos que representen entidades y contratistas y aristas que representen contratos, usando una librería de graficación de fuerzas | 2. El sistema debe dimensionar el grosor de cada arista de forma proporcional al monto del contrato | 3. El sistema debe colorear cada arista según la modalidad de contratación | 4. DADO que el grafo tiene muchos nodos, CUANDO se visualiza, ENTONCES el grafo permite hacer zoom y mover nodos de forma interactiva sin congelarse","1. El grafo no responde al zoom ni permite mover nodos (estático e inutilizable) | 2. Todas las aristas se ven del mismo grosor sin reflejar el monto del contrato | 3. Las aristas no se distinguen por modalidad, todas del mismo color | 4. El grafo se vuelve inutilizable o colapsa al mostrar muchos nodos"
RF-19,F,"Como usuario, quiero ver alertas de banderas rojas de concentración de contratación para detectar posibles irregularidades en el gasto público.",Por hacer,Alta,Media,Yesid,1,1 hora,Sprint 4,RF-13,"Se debe marcar con bandera roja un contratista que concentre más de un porcentaje configurable del presupuesto de una entidad en un periodo configurable. Debe mostrar el contratista, la entidad, el porcentaje de concentración y el monto. El umbral debe ser configurable por el administrador.","1. El sistema debe marcar con bandera roja un contratista que concentre más de un porcentaje configurable del presupuesto de una entidad en un periodo configurable | 2. El sistema debe mostrar la alerta con el contratista, la entidad, el porcentaje de concentración y el monto involucrado | 3. DADO que un contratista no supera el umbral de concentración, CUANDO se evalúa, ENTONCES no se muestra como bandera roja | 4. El sistema debe permitir al administrador configurar el umbral de concentración | 5. DADO que el umbral se modifica, CUANDO se vuelven a evaluar los datos, ENTONCES las banderas rojas se recalculan según el nuevo umbral","1. El sistema marca banderas rojas con un umbral fijo que no puede configurarse | 2. La alerta no muestra el porcentaje de concentración ni el monto | 3. El sistema marca como bandera roja contratistas que no superan el umbral configurado | 4. Al cambiar el umbral, las banderas rojas no se recalculan"
RF-20,F,"Como usuario, quiero ver la alerta de predominio de contratación directa para detectar posibles casos de fraccionamiento de contratos.",Por hacer,Media,Baja,Yesid,1,1 hora,Sprint 4,RF-19,Se debe marcar con bandera roja una entidad cuyo porcentaje de contratos en modalidad de contratación directa supere un umbral configurable en montos altos. El umbral de predominio y el de concentración deben ser configurables por el administrador.,"1. El sistema debe marcar con bandera roja una entidad cuyo porcentaje de contratos en modalidad de contratación directa supere un umbral configurable en montos altos | 2. El sistema debe permitir configurar tanto el umbral de predominio como el de concentración | 3. DADO que una entidad no supera el umbral de predominio de contratación directa, CUANDO se evalúa, ENTONCES no se marca como bandera roja | 4. El sistema debe mostrar el porcentaje de contratación directa y el monto asociado para cada bandera","1. El sistema marca banderas de predominio con un umbral fijo sin opción de configurarlo | 2. Solo algunos umbrales del módulo de banderas son configurables y otros fijos, generando inconsistencia | 3. La alerta no muestra el porcentaje de contratación directa ni el monto | 4. El sistema marca una entidad como bandera roja sin que supere el umbral configurado"
RF-21,F,"Como usuario, quiero exportar los resultados de un análisis a un archivo para compartir la información con otros interesados.",Por hacer,Media,Media,Yesid,1,1 hora,Sprint 4,RF-13,El endpoint de exportación debe generar un archivo CSV con codificación UTF-8 con BOM que abra correctamente en Excel. La exportación debe respetar el conjunto de datos filtrado actualmente. Los valores numéricos deben expresarse con separador decimal de punto.,"1. El sistema debe generar un archivo CSV que respete el conjunto de datos filtrado actualmente | 2. El archivo CSV debe usar codificación UTF-8 con BOM para que los caracteres especiales se abran correctamente en Excel | 3. Los valores numéricos del CSV deben expresarse con separador decimal de punto | 4. DADO que no hay datos que coincidan con los filtros, CUANDO se exporta, ENTONCES el sistema genera el archivo con solo la cabecera sin error",1. El CSV se abre en Excel mostrando caracteres extraños por falta de BOM | 2. El archivo exporta datos globales en lugar del resultado filtrado actual | 3. Los valores numéricos usan coma como separador decimal rompiendo la lectura en Excel | 4. La exportación con cero resultados devuelve un error en lugar de un archivo vacío
RF-22,F,"Como usuario, quiero recuperar mi contraseña cuando la olvide para volver a acceder a mi cuenta.",Por hacer,Media,Media,Yesid,1,1 hora,Sprint 4,RF-04,"El flujo debe enviar un enlace de recuperación único que expire a los 30 minutos. Al usar el enlace, el usuario debe crear una nueva contraseña que cumpla la política de complejidad. El enlace debe ser de un solo uso.","1. DADO que el usuario olvida su contraseña, CUANDO solicita recuperarla, ENTONCES el sistema envía un enlace de recuperación único | 2. El enlace de recuperación debe expirar a los 30 minutos de emitido | 3. DADO que el usuario usa el enlace para crear una nueva contraseña, CUANDO la guarda, ENTONCES debe cumplir la política de complejidad | 4. El enlace de recuperación debe ser de un solo uso; al usarse una vez deja de ser válido | 5. DADO que el usuario ingresa un correo no registrado, CUANDO solicita la recuperación, ENTONCES el sistema responde HTTP 200 sin revelar si el correo existe y no envía ningún enlace",1. El enlace de recuperación no expira o dura más de 30 minutos | 2. El enlace puede reutilizarse más de una vez para cambiar la contraseña | 3. El sistema acepta una nueva contraseña que no cumple la política de complejidad | 4. El sistema envía el enlace a cualquier dirección sin verificar que pertenezca al usuario
RF-23,F,"Como administrador del sistema, quiero gestionar el catálogo de datos y monitorear los procesos mediante un panel de administración para mantener la plataforma sin escribir SQL.",Por hacer,Media,Media,Yesid,3,3 horas,Sprint 4,RF-07,"El panel de administración debe permitir gestionar los modelos de contrato y de proceso de ingesta, mostrar el estado y progreso de cada ingesta y auditar los registros cargados. No es el producto principal sino una herramienta de soporte, por lo que se ubica en el sprint final.",1. El sistema debe permitir administrar los modelos de contrato y de proceso de ingesta mediante el panel de administración sin escribir SQL | 2. El panel de administración debe mostrar el estado y el progreso de cada ingesta | 3. El panel debe permitir auditar los registros cargados | 4. El panel es una herramienta de soporte accesible únicamente por el administrador autenticado,1. El panel de administración no muestra el estado ni el progreso de las ingestas | 2. Usuarios sin permisos de administrador pueden acceder al panel | 3. El panel no permite visualizar los registros de contrato cargados | 4. La gestión desde el panel requiere escribir SQL en lugar de usar la interfaz
RF-24,F,"Como administrador del sistema, quiero configurar los umbrales de las alertas de banderas rojas para ajustar los criterios de detección según la política de la organización.",Por hacer,Media,Baja,Yesid,1,1 hora,Sprint 4,RF-19,La configuración de umbrales debe persistirse en la base de datos. Los cambios deben aplicar a las consultas de banderas rojas posteriores sin requerir reinicio. La interfaz debe listar los umbrales actuales y validar que los valores estén en rangos permitidos.,"1. El sistema debe persistir la configuración de umbrales de banderas rojas en la base de datos | 2. DADO que el administrador cambia un umbral, CUANDO guarda la configuración, ENTONCES los cambios aplican a las consultas posteriores de banderas rojas sin reiniciar el sistema | 3. El sistema debe listar los umbrales actuales en la interfaz de configuración | 4. El sistema debe validar que los valores de umbral estén dentro de los rangos permitidos, rechazando valores inválidos con HTTP 400",1. Los cambios de umbral no se persisten y se pierden al reiniciar | 2. El sistema aplica el nuevo umbral solo después de un reinicio manual | 3. El administrador no puede ver los umbrales configurados actualmente | 4. El sistema acepta un valor de umbral fuera del rango permitido sin validarlo
RF-26,F,"Como administrador del sistema, quiero programar la actualización periódica de los datos de contratación para mantener la información al día sin intervención manual.",Por hacer,Media,Alta,Yesid,5,5 horas,Sprint 4,RF-06,"La actualización debe permitir ejecutarse de forma periódica reutilizando la lógica de ingesta paginada, sin duplicar registros ya existentes mediante la detección por id_contrato. Debe existir un mecanismo para registrar la fecha y hora de la última actualización y el estado de la misma.","1. El sistema debe permitir ejecutar la actualización de datos de forma periódica reutilizando la lógica de ingesta paginada | 2. El sistema debe evitar duplicar registros existentes durante la actualización detectando los ya cargados por id_contrato | 3. El sistema debe registrar la fecha y hora de la última actualización y su estado | 4. DADO que una actualización está en curso, CUANDO se evalúa, ENTONCES el estado se registra coherentemente y no se mezcla con datos de otra actualización","1. Una actualización periódica duplica los registros ya existentes | 2. El sistema no reutiliza la lógica de ingesta y reimplementa la carga por separado | 3. No queda registro de la fecha y hora de la última actualización | 4. Si la actualización falla, el sistema no registra el estado y el error"
RF-27,F,"Como usuario, quiero consultar las estadísticas de contratación por entidad para conocer el desempeño y la concentración de cada entidad.",Por hacer,Media,Media,Yesid,3,3 horas,Sprint 4,RF-25,"El endpoint GET /api/por-entidad debe agrupar por entidad y devolver total_contratado, total_contratos, distribución por modalidad y top contratistas de la entidad. Debe soportar filtro por departamento y rango de fechas.","1. El sistema debe permitir consultar el total contratado, el total de contratos, la distribución por modalidad y el top de contratistas de una entidad | 2. El sistema debe soportar filtros por departamento y rango de fechas en la consulta de estadísticas por entidad | 3. El sistema debe agrupar el análisis por el modelo de entidad y no como texto plano | 4. DADO que se consulta una entidad sin contratos, CUANDO se obtienen estadísticas, ENTONCES se devuelve total 0 sin error",1. Las estadísticas no permiten filtrar por departamento o rango de fechas | 2. El sistema agrupa por el campo de texto de la entidad en lugar del modelo separado | 3. Las estadísticas devuelven el top de contratistas incompleto o sin montos | 4. La consulta de una entidad sin contratos devuelve un error en lugar de total 0
RF-28,F,"Como usuario, quiero ver una lista de todas las entidades con su información para explorar el catálogo de entidades de contratación.",Por hacer,Media,Baja,Yesid,1,1 hora,Sprint 4,RF-25,"El endpoint GET /api/entidades debe devolver el listado paginado de entidades con nombre, NIT, departamento, ciudad y sector. Debe ordenarse por nombre y permitir búsqueda por nombre o NIT. Debe requerir paginación con un máximo de 100 registros por página.","1. El sistema debe devolver el listado paginado de entidades con nombre, NIT, departamento, ciudad y sector | 2. El sistema debe ordenar el listado por nombre de entidad | 3. El sistema debe permitir búsqueda por nombre o NIT en el listado | 4. El sistema debe paginar con un máximo de 100 entidades por página | 5. DADO que se solicita una página fuera de rango, CUANDO se consulta, ENTONCES el sistema responde HTTP 400",1. El listado de entidades no está paginado y devuelve todas de una vez | 2. El sistema no permite buscar por nombre o NIT de la entidad | 3. El listado devuelve más de 100 entidades por página | 4. La búsqueda por NIT no devuelve la entidad buscada aunque exista
RNF-09,NF,"Como sistema, debo mantener una copia de respaldo de los datos ingestados para recuperarlos ante fallas o pérdidas.",Por hacer,Media,Media,Yesid,1,1 hora,Sprint 4,RF-06,"La base de datos debe configurarse con respaldo automático y retención mínima de 7 días. Debe existir un procedimiento documentado de restauración. Ante falla de conexión a la base de datos, la interfaz debe mostrar un mensaje de servicio no disponible.","1. La base de datos debe configurarse con respaldo automático y una retención mínima de 7 días | 2. El sistema debe contar con un procedimiento documentado de restauración de los datos | 3. DADO que la base de datos no está disponible, CUANDO el usuario consulta, ENTONCES la interfaz muestra un mensaje de servicio no disponible en lugar de fallar silenciosamente",1. La base de datos no tiene respaldo automático o la retención es menor a 7 días | 2. No existe documentación del procedimiento de restauración | 3. La interfaz muestra un error técnico en crudo cuando la base de datos no está disponible | 4. Los datos ingestados no tienen forma de recuperarse ante una pérdida
RNF-10,NF,"Como sistema, debo desplegarse de forma reproducible y documentada para reducir errores de configuración en producción.",Por hacer,Media,Media,Yesid,1,1 hora,Sprint 4,RF-02,"El despliegue debe realizarse en proveedores de nube para la base de datos, el backend y el frontend, todos usando HTTPS. Debe existir documentación de despliegue con pasos reproducibles. Las migraciones deben aplicarse antes de publicar el código, y el proceso debe ser el descrito por las variables de entorno.","1. El sistema debe desplegarse en proveedores de nube para la base de datos, el backend y el frontend, todos usando HTTPS | 2. El sistema debe contar con documentación de despliegue con pasos reproducibles | 3. El sistema debe aplicar las migraciones antes de publicar el código en producción | 4. Los valores de configuración por entorno deben provenir de variables de entorno separadas por entorno","1. El despliegue se realiza sin HTTPS en alguno de los componentes | 2. Las migraciones se aplican después de publicar el código, rompiendo el esquema en producción | 3. No existe documentación que permita reproducir el despliegue | 4. Los entornos comparten valores de configuración entre desarrollo y producción"
RNF-11,NF,"Como sistema, debo ser accesible mediante teclado y con contraste adecuado para que personas con distintas capacidades puedan usarlo.",Por hacer,Media,Baja,Yesid,1,1 hora,Sprint 4,RF-12,Todos los elementos interactivos deben ser alcanzables con teclado usando la tecla de tabulación. El contraste entre texto y fondo debe cumplir la relación mínima de 4.5:1 para texto normal según el estándar de accesibilidad web. Los elementos de foco deben ser visibles.,"1. Todos los elementos interactivos (botones, filtros, enlaces) deben ser alcanzables y operables con el teclado usando la tecla de tabulación | 2. El contraste entre texto y fondo debe cumplir una relación mínima de 4.5:1 para texto normal | 3. El sistema debe mostrar un indicador de foco visible al navegar con teclado | 4. DADO que el usuario navega solo con teclado, CUANDO recorre la interfaz, ENTONCES puede acceder a todas las funciones sin usar el ratón",1. El contraste de texto no alcanza la relación 4.5:1 definida | 2. Los elementos interactivos no se pueden alcanzar con teclado | 3. No hay indicador visible de foco al navegar con teclado | 4. Algún panel o modal queda inaccesible sin el uso del ratón
RNF-12,NF,"Como sistema, debo ser compatible con los navegadores modernos principales para permitir el acceso de la mayoría de usuarios.",Por hacer,Media,Baja,Yesid,1,1 hora,Sprint 4,RF-12,El frontend debe funcionar correctamente en las últimas versiones de los navegadores principales. Debe emplearse JavaScript moderno compatible y el código de producción debe estar optimizado y minificado para reducir tiempo de carga.,"1. El sistema debe funcionar correctamente en las últimas versiones de los principales navegadores (Chrome, Firefox, Edge, Safari) | 2. El sistema debe emplear JavaScript moderno compatible con los navegadores soportados | 3. El código de producción debe estar optimizado y minificado para reducir el tiempo de carga | 4. DADO que el usuario abre la interfaz en uno de los navegadores soportados, CUANDO la usa, ENTONCES todas las funciones principales operan sin errores de consola","1. La interfaz no funciona en alguno de los navegadores principales soportados | 2. El bundle de producción no está minificado, aumentando el tiempo de carga | 3. Se usan características de JavaScript que no son compatibles con los navegadores declarados | 4. Se producen errores de consola en funciones principales en un navegador soportado"
